{
  "dataset_revision": "d3fb88f8f02e40887cd149695127462bbcf29b4a",
  "evaluation_time": 17.87186551094055,
  "kg_co2_emissions": null,
  "mteb_version": "1.4",
  "scores": {
    "test": [
      {
        "cosine_pearson": 0.31715515890353085,
        "cosine_spearman": 0.27335562618374226,
        "euclidean_pearson": 0.18724101214657066,
        "euclidean_spearman": 0.24745142148103394,
        "hf_subset": "default",
        "languages": [
          "eng-Latn"
        ],
        "main_score": 0.27335562618374226,
        "manhattan_pearson": 0.17863454742089974,
        "manhattan_spearman": 0.24392122056108348,
        "pearson": 0.31715515890353085,
        "spearman": 0.27335562618374226
      }
    ]
  },
  "task_name": "BIOSSES"
}