{
  "dataset_revision": "20a6d6f312dd54037fe07a32d58e5e168867909d",
  "evaluation_time": 838.4098844528198,
  "kg_co2_emissions": null,
  "mteb_version": "1.4",
  "scores": {
    "test": [
      {
        "cosine_pearson": 0.5441239074919875,
        "cosine_spearman": 0.5286396684401485,
        "euclidean_pearson": 0.4620571971759285,
        "euclidean_spearman": 0.48771135178422165,
        "hf_subset": "default",
        "languages": [
          "eng-Latn"
        ],
        "main_score": 0.5286396684401485,
        "manhattan_pearson": 0.46230528240217045,
        "manhattan_spearman": 0.48653022398830614,
        "pearson": 0.5441239074919875,
        "spearman": 0.5286396684401485
      }
    ]
  },
  "task_name": "SICK-R"
}