{
  "dataset_revision": "4d8694f8f0e0100860b497b999b3dbed754a0513",
  "evaluation_time": 132.55047941207886,
  "kg_co2_emissions": null,
  "mteb_version": "1.4",
  "scores": {
    "test": [
      {
        "cosine_pearson": 0.46034978043950775,
        "cosine_spearman": 0.46241510775955025,
        "euclidean_pearson": 0.40525319722563086,
        "euclidean_spearman": 0.42846570396725486,
        "hf_subset": "default",
        "languages": [
          "eng-Latn"
        ],
        "main_score": 0.46241510775955025,
        "manhattan_pearson": 0.40316626296434405,
        "manhattan_spearman": 0.42800368821024937,
        "pearson": 0.46034978043950775,
        "spearman": 0.46241510775955025
      }
    ]
  },
  "task_name": "STS16"
}