{
  "dataset_revision": "7e90230a92c190f1bf69ae9002b8cea547a64cca",
  "evaluation_time": 144.20269393920898,
  "kg_co2_emissions": null,
  "mteb_version": "1.4",
  "scores": {
    "test": [
      {
        "cosine_pearson": 0.43317770606619704,
        "cosine_spearman": 0.44064564821178764,
        "euclidean_pearson": 0.17907081620268248,
        "euclidean_spearman": 0.19815336486069496,
        "hf_subset": "default",
        "languages": [
          "eng-Latn"
        ],
        "main_score": 0.44064564821178764,
        "manhattan_pearson": 0.1817415201552411,
        "manhattan_spearman": 0.19952812182435828,
        "pearson": 0.43317770606619704,
        "spearman": 0.44064564821178764
      }
    ]
  },
  "task_name": "STS13"
}