{
  "dataset_revision": "ae752c7c21bf194d8b67fd573edf7ae58183cbe3",
  "evaluation_time": 306.0567674636841,
  "kg_co2_emissions": null,
  "mteb_version": "1.4",
  "scores": {
    "test": [
      {
        "cosine_pearson": 0.3388706214292402,
        "cosine_spearman": 0.3313498550393881,
        "euclidean_pearson": 0.26141346075213745,
        "euclidean_spearman": 0.2870237155650852,
        "hf_subset": "default",
        "languages": [
          "eng-Latn"
        ],
        "main_score": 0.3313498550393881,
        "manhattan_pearson": 0.25115052195556925,
        "manhattan_spearman": 0.27817639685279044,
        "pearson": 0.3388706214292402,
        "spearman": 0.3313498550393881
      }
    ]
  },
  "task_name": "STS15"
}