{
  "dataset_revision": "a0d554a64d88156834ff5ae9920b964011b16384",
  "evaluation_time": 300.9651560783386,
  "kg_co2_emissions": null,
  "mteb_version": "1.4",
  "scores": {
    "test": [
      {
        "cosine_pearson": 0.39926372837315105,
        "cosine_spearman": 0.3750936769132149,
        "euclidean_pearson": 0.2904030007711573,
        "euclidean_spearman": 0.30488999013923296,
        "hf_subset": "default",
        "languages": [
          "eng-Latn"
        ],
        "main_score": 0.3750936769132149,
        "manhattan_pearson": 0.2896491752572928,
        "manhattan_spearman": 0.30317035785723856,
        "pearson": 0.39926372837315105,
        "spearman": 0.3750936769132149
      }
    ]
  },
  "task_name": "STS12"
}