{
  "dataset_revision": "6031580fec1f6af667f0bd2da0a551cf4f0b2375",
  "evaluation_time": 362.1670033931732,
  "kg_co2_emissions": null,
  "mteb_version": "1.4",
  "scores": {
    "test": [
      {
        "cosine_pearson": 0.33313528503600215,
        "cosine_spearman": 0.31754403008086957,
        "euclidean_pearson": 0.20743983289820192,
        "euclidean_spearman": 0.21072012004594493,
        "hf_subset": "default",
        "languages": [
          "eng-Latn"
        ],
        "main_score": 0.31754403008086957,
        "manhattan_pearson": 0.20704165108517056,
        "manhattan_spearman": 0.20976041923669558,
        "pearson": 0.33313528503600215,
        "spearman": 0.31754403008086957
      }
    ]
  },
  "task_name": "STS14"
}