{
  "dataset_revision": "b0fddb56ed78048fa8b90373c8a3cfc37b684831",
  "evaluation_time": 131.3726363182068,
  "kg_co2_emissions": null,
  "mteb_version": "1.4",
  "scores": {
    "test": [
      {
        "cosine_pearson": 0.46298183581552954,
        "cosine_spearman": 0.4482699162776258,
        "euclidean_pearson": 0.32277348962218344,
        "euclidean_spearman": 0.3516276730191422,
        "hf_subset": "default",
        "languages": [
          "eng-Latn"
        ],
        "main_score": 0.4482699162776258,
        "manhattan_pearson": 0.3229395937769037,
        "manhattan_spearman": 0.35143156257775165,
        "pearson": 0.46298183581552954,
        "spearman": 0.4482699162776258
      }
    ]
  },
  "task_name": "STSBenchmark"
}